<code_scheme name="Default" version="173">
  <JavaCodeStyleSettings>
    <option name="CLASS_COUNT_TO_USE_IMPORT_ON_DEMAND" value="999" />
    <option name="NAMES_COUNT_TO_USE_IMPORT_ON_DEMAND" value="999" />
    <option name="IMPORT_LAYOUT_TABLE">
      <value>
        <package name="" withSubpackages="true" static="true" />
        <emptyLine />
        <package name="java" withSubpackages="true" static="false" />
        <emptyLine />
        <package name="javax" withSubpackages="true" static="false" />
        <emptyLine />
        <package name="org" withSubpackages="true" static="false" />
        <emptyLine />
        <package name="com" withSubpackages="true" static="false" />
        <emptyLine />
        <package name="" withSubpackages="true" static="false" />
      </value>
    </option>
  </JavaCodeStyleSettings>
  <XML>
    <option name="XML_ATTRIBUTE_WRAP" value="0" />
    <option name="XML_TEXT_WRAP" value="0" />
  </XML>
  <codeStyleSettings language="HTML">
    <indentOptions>
      <option name="CONTINUATION_INDENT_SIZE" value="4" />
    </indentOptions>
  </codeStyleSettings>
  <codeStyleSettings language="JAVA">
    <option name="KEEP_SIMPLE_BLOCKS_IN_ONE_LINE" value="true" />
    <option name="KEEP_SIMPLE_METHODS_IN_ONE_LINE" value="true" />
    <option name="KEEP_SIMPLE_LAMBDAS_IN_ONE_LINE" value="true" />
    <option name="KEEP_SIMPLE_CLASSES_IN_ONE_LINE" value="true" />
    <option name="KEEP_MULTIPLE_EXPRESSIONS_IN_ONE_LINE" value="true" />
    <indentOptions>
      <option name="CONTINUATION_INDENT_SIZE" value="4" />
    </indentOptions>
  </codeStyleSettings>
  <codeStyleSettings language="JSON">
    <indentOptions>
      <option name="INDENT_SIZE" value="4" />
    </indentOptions>
  </codeStyleSettings>
</code_scheme>