<keymap version="1" name="Jun Keymaps" parent="Default for GNOME">
  <action id="ActivateDatabaseToolWindow">
    <keyboard-shortcut first-keystroke="alt 3" />
  </action>
  <action id="ActivateFavoritesToolWindow">
    <keyboard-shortcut first-keystroke="alt 9" />
  </action>
  <action id="ActivateFindToolWindow" />
  <action id="ActivateMavenToolWindow">
    <keyboard-shortcut first-keystroke="alt 4" />
  </action>
  <action id="ActivateRunToolWindow" />
  <action id="ActivateVersionControlToolWindow">
    <keyboard-shortcut first-keystroke="alt 2" />
  </action>
  <action id="Back">
    <keyboard-shortcut first-keystroke="shift alt left" />
    <mouse-shortcut keystroke="button4" />
    <keyboard-shortcut first-keystroke="shift alt comma" />
    <keyboard-shortcut first-keystroke="ctrl comma" />
  </action>
  <action id="CollapseSelection" />
  <action id="EditorChooseLookupItemDot" />
  <action id="EditorLineEnd">
    <keyboard-shortcut first-keystroke="end" />
    <keyboard-shortcut first-keystroke="ctrl e" />
  </action>
  <action id="EditorScrollToCenter" />
  <action id="EditorToggleColumnMode">
    <keyboard-shortcut first-keystroke="shift ctrl l" />
  </action>
  <action id="FileStructurePopup">
    <keyboard-shortcut first-keystroke="ctrl f12" />
    <keyboard-shortcut first-keystroke="ctrl m" />
  </action>
  <action id="FindPrevious">
    <keyboard-shortcut first-keystroke="shift f3" />
  </action>
  <action id="Forward">
    <keyboard-shortcut first-keystroke="shift alt right" />
    <mouse-shortcut keystroke="button5" />
    <keyboard-shortcut first-keystroke="ctrl period" />
  </action>
  <action id="GuiDesigner.QuickJavadoc">
    <mouse-shortcut keystroke="alt button2" />
  </action>
  <action id="QuickJavaDoc">
    <mouse-shortcut keystroke="alt button2" />
  </action>
  <action id="RecentChangedFiles">
    <keyboard-shortcut first-keystroke="ctrl q" />
  </action>
  <action id="RecentFiles" />
  <action id="ScrollTreeToCenter" />
  <action id="SwitcherIterateItems" />
  <action id="SwitcherRecentEditedChangedToggleCheckBox" />
  <action id="Vcs.ShowMessageHistory" />
</keymap>